Area,Price,Room,Room_Area,Lon,Lat
64,685000.0,3,21.333333333333332,4.907736,52.356157
60,475000.0,3,20.0,4.850476,52.348586
109,850000.0,4,27.25,4.944774,52.343782
138,720000.0,5,27.6,4.902503,52.410538
53,450000.0,2,26.5,4.875024,52.382228
87,450000.0,3,29.0,4.896536,52.410585
80,590000.0,2,40.0,4.871555,52.371041
49,399000.0,3,16.333333333333332,4.854671,52.363471
33,300000.0,2,16.5,4.897142,52.353111
69,540000.0,3,23.0,4.851985,52.351244
88,539000.0,3,29.333333333333332,4.942972,52.377442
45,390000.0,3,15.0,4.908173,52.356446
70,575000.0,2,35.0,4.897782,52.366928
86,650000.0,3,28.666666666666668,4.909361,52.356532
105,475000.0,5,21.0,4.900926,52.408311
78,325000.0,3,26.0,4.829644,52.372068
100,399000.0,3,33.333333333333336,4.949572,52.317294
52,375000.0,3,17.333333333333332,4.872555,52.392426
71,575000.0,3,23.666666666666668,4.891161,52.351082
114,600000.0,4,28.5,4.837666,52.362011
75,525000.0,3,25.0,4.945438,52.361355
110,350000.0,5,22.0,4.921574,52.408269
89,350000.0,3,29.666666666666668,4.88516,52.423543
134,575000.0,5,26.8,4.887858,52.332103
51,375000.0,3,17.0,4.862875,52.373735
37,325000.0,2,18.5,4.889539,52.351732
98,800000.0,3,32.666666666666664,4.900342,52.346366
258,1950000.0,4,64.5,4.887444,52.385346
83,735000.0,3,27.666666666666668,4.86109,52.344643
74,475000.0,3,24.666666666666668,4.865792,52.365372
31,275000.0,2,15.5,4.883566,52.330963
47,375000.0,2,23.5,4.899509,52.352717
63,570000.0,3,21.0,4.85856,52.359929
43,375000.0,2,21.5,4.921855,52.368922
49,365000.0,3,16.333333333333332,4.854277,52.371899
62,550000.0,3,20.666666666666668,4.874257,52.369627
91,325000.0,4,22.75,4.987296,52.300656
50,429000.0,3,16.666666666666668,4.907585,52.363609
120,650000.0,4,30.0,4.924306,52.36344
55,350000.0,3,18.333333333333332,4.847389,52.373198
79,475000.0,3,26.333333333333332,4.942841,52.362693
99,325000.0,3,33.0,4.981149,52.314
82,425000.0,3,27.333333333333332,4.83186,52.364372
77,350000.0,4,19.25,4.948371,52.392858
81,350000.0,3,27.0,4.837764,52.363887
93,375000.0,4,23.25,4.815101,52.356914
73,450000.0,3,24.333333333333332,4.877698,52.388468
160,1185000.0,5,32.0,4.892374,52.363383
74,385000.0,3,24.666666666666668,4.91913,52.406915
86,687500.0,4,21.5,4.855875,52.352448
52,585000.0,4,13.0,4.891858,52.42145
145,1295000.0,5,29.0,4.89952,52.367261
61,375000.0,3,20.333333333333332,4.851777,52.379483
86,500000.0,4,21.5,4.944196,52.366168
78,300000.0,4,19.5,4.951093,52.393956
52,375000.0,4,13.0,4.86106,52.376873
51,400000.0,2,25.5,4.85633,52.36355
117,850000.0,5,23.4,4.889851,52.347518
72,550000.0,3,24.0,4.859628,52.359026
56,275000.0,2,28.0,4.959199,52.395846
54,330000.0,3,18.0,4.848563,52.381715
102,700000.0,3,34.0,4.969203,52.372762
72,500000.0,2,36.0,4.922788,52.342942
47,369000.0,3,15.666666666666666,4.933378,52.364949
68,245000.0,3,22.666666666666668,4.9688878,52.2923239
65,350000.0,4,16.25,4.885364,52.412066
69,425000.0,3,23.0,4.850643,52.379711
147,604447.4074074074,3,49.0,4.897454,52.360707
94,375000.0,4,23.5,4.800745,52.379133
92,335000.0,4,23.0,4.936896,52.394478
56,450000.0,3,18.666666666666668,4.888332,52.349498
101,395000.0,5,20.2,4.993551,52.292948
45,300000.0,2,22.5,4.87065,52.37314
84,450000.0,3,28.0,4.944032,52.365457
51,415000.0,2,25.5,4.853803,52.366082
67,650000.0,4,16.75,4.901713,52.360545
52,425000.0,2,26.0,4.876149,52.390376
67,469000.0,2,33.5,4.882743,52.382746
73,485000.0,4,18.25,4.924634,52.368555
29,285000.0,2,14.5,4.880046,52.384661
97,995000.0,2,48.5,4.884982,52.369202
220,1475000.0,5,44.0,4.920481,52.366984
60,475000.0,3,20.0,4.868057,52.370073
124,475000.0,5,24.8,4.837522,52.364821
56,395000.0,2,28.0,4.848779,52.348138
47,375000.0,2,23.5,4.896579,52.372127
37,400000.0,2,18.5,4.855832,52.352385
42,325000.0,2,21.0,4.879081,52.390874
53,400000.0,3,17.666666666666668,4.864958,52.343986
80,475000.0,3,26.666666666666668,4.868693,52.343328
68,425000.0,3,22.666666666666668,4.944251,52.352317
101,375000.0,3,33.666666666666664,4.819711,52.379837
47,365000.0,2,23.5,4.871178,52.382031
67,500000.0,3,22.333333333333332,4.926673,52.356043
92,450000.0,3,30.666666666666668,4.835487,52.353658
95,725000.0,3,31.666666666666668,4.886006,52.377377
52,225000.0,2,26.0,4.976804,52.325544
55,375000.0,3,18.333333333333332,4.862201,52.373597
74,495000.0,3,24.666666666666668,4.867549,52.384604
58,475000.0,3,19.333333333333332,4.885902,52.363158
53,450000.0,2,26.5,4.882472,52.365273
66,475000.0,3,22.0,4.910224,52.347296
62,475000.0,3,20.666666666666668,4.848941,52.351734
61,345000.0,3,20.333333333333332,4.798199,52.362969
78,369000.0,3,26.0,4.841525,52.35007
91,320000.0,4,22.75,4.983191,52.294198
66,465000.0,3,22.0,4.917899,52.386198
35,340000.0,2,17.5,4.898311,52.373509
111,375000.0,5,22.2,4.970987,52.301346
93,595000.0,3,31.0,4.910003,52.356903
92,525000.0,3,30.666666666666668,4.936101,52.371484
61,245000.0,3,20.333333333333332,4.789682,52.355404
85,275000.0,4,21.25,4.95037,52.399252
72,575000.0,2,36.0,4.931839,52.369014
70,250000.0,3,23.333333333333332,4.968806,52.291803
165,975000.0,5,33.0,4.946186,52.373257
52,375000.0,2,26.0,4.875248,52.376809
159,1100000.0,5,31.8,4.919919,52.338283
102,750000.0,3,34.0,4.877406,52.394832
55,439000.0,3,18.333333333333332,4.90487,52.374978
57,375000.0,2,28.5,4.91638,52.352165
66,445000.0,3,22.0,4.909207,52.369475
77,325000.0,4,19.25,4.947655,52.395417
57,415000.0,2,28.5,4.865612,52.373199
43,300000.0,2,21.5,4.868786,52.365466
88,915000.0,5,17.6,4.887412,52.377742
50,350000.0,3,16.666666666666668,4.85167,52.366405
135,1025000.0,4,33.75,4.875881,52.347368
177,895000.0,4,44.25,4.924895,52.373122
59,350000.0,2,29.5,4.84399,52.362946
65,265000.0,3,21.666666666666668,4.81787,52.383684
100,500000.0,4,25.0,4.802122,52.346011
106,295000.0,4,26.5,4.977496,52.295032
113,995000.0,3,37.666666666666664,4.888199,52.374321
54,385000.0,2,27.0,4.889927,52.348587
89,550000.0,4,22.25,4.870523,52.365141
40,325000.0,2,20.0,4.862992,52.365
62,225000.0,2,31.0,4.957403,52.309773
66,395000.0,3,22.0,4.885793,52.324797
102,425000.0,4,25.5,4.789341,52.380775
64,525000.0,4,16.0,4.878779,52.368556
88,400000.0,4,22.0,4.80651,52.359451
50,250000.0,2,25.0,4.959052,52.3958
41,360000.0,2,20.5,4.873624,52.382635
154,1050000.0,4,38.5,4.968819,52.373001
50,290000.0,2,25.0,4.834901,52.378363
50,469000.0,3,16.666666666666668,4.893043,52.37844
74,625000.0,3,24.666666666666668,4.89965,52.366621
79,540000.0,4,19.75,4.88439,52.413734
96,285000.0,4,24.0,4.972596,52.317512
168,859000.0,3,56.0,5.016505,52.350556
63,275000.0,2,31.5,4.93924,52.396536
73,375000.0,4,18.25,4.826759,52.356709
89,399500.0,2,44.5,4.807068,52.362692
103,430000.0,4,25.75,4.807703,52.363646
141,1300000.0,4,35.25,4.904363,52.333206
130,1750000.0,3,43.333333333333336,4.872151,52.336348
109,950000.0,4,27.25,4.879612,52.377871
150,1450000.0,3,50.0,4.88987,52.370706
69,285000.0,3,23.0,4.979002,52.318782
54,300000.0,2,27.0,4.846858,52.384197
166,1500000.0,4,41.5,4.857216,52.325762
107,685000.0,4,26.75,4.868754,52.341846
178,4495000.0,5,35.6,4.89429,52.373106
171,989000.0,5,34.2,4.893261,52.419532
100,765000.0,4,25.0,4.964853,52.409986
118,665000.0,4,29.5,4.938738,52.356081
183,2475000.0,4,45.75,4.897473,52.358943
98,475000.0,4,24.5,4.83852,52.379072
78,300000.0,4,19.5,4.950977,52.393821
103,350000.0,4,25.75,4.809689,52.378
45,450000.0,2,22.5,4.9064,52.358857
145,600000.0,4,36.25,4.799931,52.334488
39,350000.0,2,19.5,4.874462,52.38503
100,595000.0,3,33.333333333333336,4.84313,52.359998
42,335000.0,2,21.0,4.862224,52.364187
154,1295000.0,4,38.5,4.867645,52.348806
103,825000.0,3,34.333333333333336,4.885645,52.35602
85,325000.0,4,21.25,4.976098,52.308383
115,450000.0,3,38.333333333333336,4.798695,52.352124
125,1450000.0,2,62.5,4.891701,52.367182
99,585000.0,3,33.0,4.835845,52.366451
105,1200000.0,4,26.25,4.886034,52.379546
153,1550000.0,5,30.6,4.88242,52.360824
147,1250000.0,4,36.75,4.891955,52.38514
121,998000.0,2,60.5,4.891161,52.378843
54,395000.0,3,18.0,4.857567,52.370557
85,935000.0,3,28.333333333333332,4.8887,52.365003
63,1050000.0,3,21.0,4.90885,52.365524
110,729000.0,5,22.0,4.90132,52.375059
130,699000.0,5,26.0,4.788762,52.344183
25,400000.0,2,12.5,4.962333,52.362891
102,550000.0,4,25.5,4.858163,52.379474
93,975000.0,3,31.0,4.882903,52.354535
79,295000.0,3,26.333333333333332,4.807977,52.357443
71,350000.0,4,17.75,4.803337,52.378625
110,685000.0,4,27.5,4.901539,52.333097
165,1275000.0,5,33.0,4.882122,52.366395
48,439000.0,2,24.0,4.917931,52.367418
95,785000.0,5,19.0,4.861607,52.367915
68,395000.0,3,22.666666666666668,4.920126,52.388122
78,595000.0,3,26.0,4.893924,52.379828
117,875000.0,3,39.0,4.906839,52.371272
29,295000.0,2,14.5,4.887596,52.367946
80,520000.0,2,40.0,4.872336,52.33033
57,439000.0,3,19.0,4.862129,52.347398
66,410000.0,4,16.5,4.920472,52.357987
45,350000.0,2,22.5,4.873726,52.382654
120,835000.0,5,24.0,4.88447,52.382635
111,985000.0,5,22.2,4.890089,52.371683
56,425000.0,2,28.0,4.943696,52.338795
58,635000.0,3,19.333333333333332,4.907085,52.372907
151,999500.0,3,50.333333333333336,4.907627,52.376281
151,1050000.0,4,37.75,4.880571,52.362038
60,225000.0,3,20.0,4.790457,52.35459
165,1099000.0,5,33.0,4.875455,52.347348
103,895000.0,3,34.333333333333336,4.885645,52.35602
146,799000.0,5,29.2,4.858845,52.343402
129,719000.0,4,32.25,4.802093,52.343737
37,285000.0,2,18.5,4.807805,52.344914
37,285000.0,2,18.5,4.807805,52.344914
111,900000.0,2,55.5,4.887092,52.376105
93,475000.0,3,31.0,5.009767,52.349453
110,545000.0,4,27.5,4.789083,52.379219
94,685000.0,3,31.333333333333332,4.873591,52.374016
81,650000.0,3,27.0,4.897432,52.366729
207,1100011.0,5,41.4,4.90048,52.400948
81,1200000.0,3,27.0,4.858004,52.3574
214,1495000.0,5,42.8,5.029122,52.41355
47,295000.0,2,23.5,4.860857,52.380834
117,1000000.0,4,29.25,4.892522,52.367449
162,1150000.0,5,32.4,4.890591,52.375342
173,1350000.0,5,34.6,4.887183,52.355065
90,469000.0,3,30.0,4.903526,52.374705
107,669000.0,5,21.4,4.89278,52.420465
71,300000.0,2,35.5,4.976454,52.306326
49,425000.0,2,24.5,4.852468,52.380663
150,749000.0,5,30.0,4.90981909560303,52.3686532505277
30,389000.0,2,15.0,4.906059,52.374085
85,275000.0,4,21.25,4.943931,52.321174
79,400000.0,3,26.333333333333332,4.826718,52.343893
110,850000.0,2,55.0,4.936223,52.360906
203,1700000.0,5,40.6,4.869966,52.349904
91,549000.0,5,18.2,4.943456,52.376191
115,1375000.0,3,38.333333333333336,4.881814,52.361226
72,500000.0,2,36.0,4.887619,52.381092
183,575000.0,5,36.6,4.881542,52.41986
183,2475000.0,3,61.0,4.897473,52.358943
257,1425000.0,4,64.25,4.905372,52.373727
117,1695000.0,3,39.0,4.876144,52.358928
130,515000.0,4,32.5,4.7836987,52.3496214
134,1095000.0,3,44.666666666666664,4.872859,52.335851
120,519900.0,5,24.0,4.937065,52.400905
88,700000.0,5,17.6,4.902826,52.363883
93,280000.0,4,23.25,4.95868,52.309724
129,600000.0,4,32.25,4.905853,52.369804
120,849000.0,3,40.0,4.893709,52.375387
374,3680000.0,4,93.5,4.905695,52.385321
114,750750.0,4,28.5,4.902864,52.349279
128,899000.0,5,25.6,4.960756,52.409584
95,895000.0,3,31.666666666666668,4.960756,52.409584
131,1085000.0,5,26.2,4.876231,52.347558
30,300000.0,3,10.0,4.832087,52.354406
82,649000.0,3,27.333333333333332,4.910725,52.370289
105,785000.0,5,21.0,4.910725,52.370289
94,565000.0,3,31.333333333333332,4.825673,52.361323
133,1395000.0,3,44.333333333333336,4.898884,52.418864
102,795000.0,3,34.0,4.884579,52.364626
121,1200000.0,4,30.25,4.881097,52.368746
146,995000.0,3,48.666666666666664,4.895233,52.365084
127,775000.0,3,42.333333333333336,4.895121,52.361947
148,825000.0,3,49.333333333333336,4.895224,52.361929
258,1249000.0,5,51.6,4.967897,52.410672
100,380000.0,4,25.0,4.80256,52.380679
120,450000.0,5,24.0,4.956167,52.317822
66,399000.0,2,33.0,4.923315,52.379524
102,650000.0,3,34.0,4.877436,52.375551
139,1599000.0,5,27.8,4.868596,52.361672
127,629000.0,4,31.75,4.794478,52.338652
69,359000.0,4,17.25,4.965813,52.381514
75,419000.0,4,18.75,4.952089,52.36658
60,250000.0,3,20.0,4.945909,52.320409
104,320000.0,5,20.8,4.976237,52.296421
115,415000.0,4,28.75,4.961952,52.321743
124,750000.0,5,24.8,4.918831,52.363292
73,420000.0,3,24.333333333333332,4.859128,52.327841
63,525000.0,3,21.0,4.892914,52.384794
107,550000.0,4,26.75,4.997979,52.354825
60,450000.0,4,15.0,4.928173,52.355788
54,425000.0,3,18.0,4.861234,52.346145
95,675000.0,3,31.666666666666668,4.906809,52.353645
150,1150000.0,5,30.0,4.853623,52.360284
131,1250000.0,4,32.75,4.878356,52.394101
158,1450000.0,4,39.5,4.878463,52.394178
80,345000.0,3,26.666666666666668,4.795934,52.350007
56,425000.0,3,18.666666666666668,4.880816,52.37278
60,250000.0,2,30.0,4.947171,52.325081
59,485000.0,3,19.666666666666668,4.925675,52.358255
166,1200000.0,5,33.2,4.872275,52.362146
71,325000.0,4,17.75,4.827036,52.353376
39,275000.0,2,19.5,4.839165,52.37701
78,365000.0,3,26.0,4.886519,52.331919
84,300000.0,4,21.0,4.991578,52.293948
67,485000.0,3,22.333333333333332,4.874335,52.379574
87,725000.0,4,21.75,4.881073,52.382434
87,325000.0,3,29.0,4.788052,52.349876
61,225000.0,3,20.333333333333332,4.945309,52.319741
100,690000.0,3,33.333333333333336,4.881116,52.393955
114,825000.0,3,38.0,4.866454,52.362822
53,239000.0,3,17.666666666666668,4.977675,52.324231
49,400000.0,2,24.5,4.872222,52.366766
58,430000.0,3,19.333333333333332,4.849307,52.35303
65,485000.0,3,21.666666666666668,4.940682,52.349698
44,300000.0,2,22.0,4.85225,52.367037
61,550000.0,3,20.333333333333332,4.884848,52.352502
41,325000.0,2,20.5,4.867459,52.375562
29,250000.0,2,14.5,4.872989,52.366428
109,675000.0,3,36.333333333333336,4.8479,52.372221
91,295000.0,4,22.75,4.795401,52.348468
92,350000.0,3,30.666666666666668,4.954434,52.393227
98,375000.0,5,19.6,4.990488,52.292974
53,360000.0,2,26.5,4.860817,52.380045
85,325000.0,4,21.25,4.901357,52.419916
61,250000.0,2,30.5,4.812509,52.383676
102,550000.0,3,34.0,4.945592,52.362164
76,325000.0,3,25.333333333333332,4.910084,52.406722
26,235000.0,2,13.0,4.944758,52.36173
56,450000.0,2,28.0,4.904866,52.354123
71,245000.0,3,23.666666666666668,4.98042,52.299114
153,1400000.0,4,38.25,4.875155,52.346664
90,650000.0,3,30.0,4.900901,52.386904
67,465000.0,3,22.333333333333332,4.846172,52.351371
104,735000.0,3,34.666666666666664,4.87459,52.347318
93,675000.0,4,23.25,4.902853,52.358348
78,425000.0,2,39.0,4.837463,52.376658
90,635000.0,3,30.0,4.891367,52.389872
99,375000.0,4,24.75,4.981355,52.320364
35,300000.0,2,17.5,4.888159,52.351789
136,910000.0,5,27.2,4.888188,52.3492
65,385000.0,3,21.666666666666668,4.87989,52.331729
93,775000.0,3,31.0,4.875949,52.366908
51,349500.0,3,17.0,4.941752,52.339554
65,375000.0,3,21.666666666666668,4.852493,52.377329
41,325000.0,2,20.5,4.871342,52.383093
89,295000.0,4,22.25,4.945355,52.323983
50,345000.0,2,25.0,4.849011,52.384683
88,325000.0,3,29.333333333333332,4.809676,52.361641
73,245000.0,3,24.333333333333332,4.98366,52.294299
70,650000.0,3,23.333333333333332,4.892242,52.354197
56,450000.0,4,14.0,4.850735,52.370868
176,525000.0,5,35.2,4.986145,52.316165
81,315000.0,3,27.0,4.80824,52.357393
83,500000.0,4,20.75,4.917034,52.395677
36,285000.0,2,18.0,4.887419,52.388788
116,600000.0,4,29.0,4.895989,52.373751
67,425000.0,3,22.333333333333332,4.881551,52.376576
53,225000.0,3,17.666666666666668,4.974337,52.324304
59,440000.0,3,19.666666666666668,4.85128,52.359788
85,450000.0,3,28.333333333333332,4.937516,52.370995
75,425000.0,3,25.0,4.8814,52.388529
60,230000.0,2,30.0,4.942778,52.320576
69,395000.0,3,23.0,4.927419,52.369015
93,550000.0,3,31.0,4.948159,52.377174
93,350000.0,3,31.0,4.960086,52.318673
92,335000.0,4,23.0,4.936689,52.394567
92,300000.0,4,23.0,4.922975,52.410584
84,270000.0,3,28.0,4.976048,52.29785
136,675000.0,5,27.2,4.933513,52.407695
73,450000.0,3,24.333333333333332,4.869487,52.378402
53,450000.0,2,26.5,4.90355,52.353704
101,549000.0,4,25.25,4.907913,52.388684
58,265000.0,3,19.333333333333332,4.946436,52.326171
42,395000.0,2,21.0,4.880279,52.369659
42,275000.0,2,21.0,4.916345,52.383109
61,400000.0,2,30.5,4.858697,52.370661
55,450000.0,2,27.5,4.925792,52.344742
63,395000.0,2,31.5,4.890125,52.371498
61,335000.0,2,30.5,4.881952,52.389025
82,425000.0,3,27.333333333333332,4.925735,52.364335
35,325000.0,2,17.5,4.868498,52.381319
76,590000.0,4,19.0,4.851989,52.381995
48,345000.0,2,24.0,4.880745,52.388005
61,398011.0,3,20.333333333333332,4.892619,52.413849
128,900000.0,4,32.0,4.921707,52.366234
78,400000.0,3,26.0,4.832758,52.384105
100,825000.0,3,33.333333333333336,4.875925,52.347368
69,415000.0,3,23.0,4.964407,52.373057
91,685000.0,4,22.75,4.904866,52.354123
77,610000.0,4,19.25,4.854361,52.368574
59,295000.0,3,19.666666666666668,4.946534,52.394352
47,339000.0,2,23.5,4.926678,52.36264
78,310000.0,3,26.0,4.806801,52.364911
49,335000.0,2,24.5,4.934237,52.364224
64,275000.0,2,32.0,4.832681,52.372996
69,425000.0,4,17.25,4.851176,52.383021
54,225000.0,2,27.0,4.975727,52.326205
41,300000.0,2,20.5,4.867456,52.375584
68,350000.0,3,22.666666666666668,4.829034,52.36373
106,475000.0,5,21.2,4.784425,52.345886
91,510000.0,3,30.333333333333332,4.909786,52.401616
60,225000.0,2,30.0,4.946485,52.319485
61,545000.0,2,30.5,4.907725,52.365333
66,550000.0,2,33.0,4.895062,52.361956
43,225000.0,2,21.5,4.943668,52.317544
83,320000.0,3,27.666666666666668,4.988144,52.299293
49,360000.0,3,16.333333333333332,4.854243,52.379548
113,475000.0,4,28.25,4.916194,52.382138
62,425000.0,3,20.666666666666668,4.848229,52.375341
81,395000.0,3,27.0,4.878726,52.325783
71,265000.0,3,23.666666666666668,4.943523,52.319589
53,230000.0,2,26.5,4.944301,52.320816
116,750000.0,4,29.0,4.913949,52.392914
122,1000000.0,5,24.4,4.860517,52.358293
112,825000.0,5,22.4,4.898909,52.353937
67,425000.0,2,33.5,4.877222,52.344263
56,369000.0,2,28.0,4.934903,52.360041
46,300000.0,3,15.333333333333334,4.920288,52.353214
59,300000.0,3,19.666666666666668,4.830106,52.363717
120,600000.0,4,30.0,4.966154,52.375408
65,300000.0,3,21.666666666666668,4.951253,52.394145
54,415000.0,2,27.0,4.862373,52.345315
77,325000.0,4,19.25,4.95118,52.394073
117,775000.0,4,29.25,4.93174,52.391546
102,650000.0,4,25.5,4.922217,52.355442
108,600000.0,4,27.0,4.967326,52.371556
46,325000.0,2,23.0,4.873501,52.377961
49,385000.0,3,16.333333333333332,4.938408,52.365552
96,875000.0,5,19.2,4.884002,52.367652
52,500000.0,2,26.0,4.881809,52.379633
120,900000.0,5,24.0,4.948739,52.386865
83,350000.0,3,27.666666666666668,4.920989,52.403808
118,350000.0,5,23.6,4.978704,52.305543
62,450000.0,2,31.0,4.847484,52.350909
88,325000.0,4,22.0,4.806863,52.362205
27,200000.0,2,13.5,4.818173,52.38178
80,575000.0,3,26.666666666666668,4.860112,52.372671
81,325000.0,3,27.0,4.81015,52.353861
47,400000.0,2,23.5,4.90153,52.355844
59,365000.0,2,29.5,4.944414,52.368343
88,350000.0,3,29.333333333333332,4.800286,52.380052
73,300000.0,4,18.25,4.827023,52.354418
90,375000.0,4,22.5,4.992035,52.316742
61,415000.0,3,20.333333333333332,4.914021,52.358618
65,300000.0,4,16.25,4.831964,52.371338
75,625000.0,3,25.0,4.863344,52.370007
102,315000.0,5,20.4,4.983162,52.294189
44,325000.0,2,22.0,4.873179,52.377933
46,370000.0,2,23.0,4.865067,52.369611
43,298000.0,2,21.5,4.920012,52.386342
56,375000.0,3,18.666666666666668,4.933659,52.364743
81,325000.0,3,27.0,4.819431,52.382253
42,325000.0,2,21.0,4.940171,52.364934
54,375000.0,2,27.0,4.870127,52.372608
46,295000.0,2,23.0,4.837695,52.383556
44,375000.0,2,22.0,4.884769,52.384121
65,295000.0,4,16.25,4.798255,52.378644
48,275000.0,2,24.0,5.014044,52.350961
47,345000.0,2,23.5,4.899374,52.347656
82,500000.0,3,27.333333333333332,4.846047,52.37786
58,390000.0,2,29.0,4.853953,52.365813
58,400000.0,2,29.0,4.928824,52.363772
70,250000.0,3,23.333333333333332,4.9685,52.316374
72,625000.0,4,18.0,4.899724,52.355854
97,550000.0,3,32.333333333333336,4.996295,52.359277
87,585000.0,3,29.0,4.941549,52.377347
85,300000.0,3,28.333333333333332,4.945566,52.403049
45,300000.0,2,22.5,4.870505,52.372951
73,275000.0,2,36.5,4.983209,52.29383
69,525000.0,3,23.0,4.892282,52.384356
88,725000.0,4,22.0,4.855145,52.361963
48,350000.0,2,24.0,4.884769,52.384121
57,275000.0,2,28.5,4.803983,52.355143
97,450000.0,4,24.25,4.802374,52.342435
47,325000.0,3,15.666666666666666,4.852015,52.364636
48,425000.0,2,24.0,4.881348,52.380215
44,300000.0,2,22.0,4.859323,52.324179
108,330000.0,5,21.6,4.971123,52.297841
43,215000.0,2,21.5,4.945155,52.324953
88,695000.0,3,29.333333333333332,4.874092,52.367502
108,750000.0,3,36.0,4.915967,52.368943
79,400000.0,3,26.333333333333332,5.009082,52.351935
82,585000.0,3,27.333333333333332,4.872665,52.374093
44,395000.0,2,22.0,4.907275,52.358042
84,250000.0,3,28.0,4.951827,52.399557
103,725000.0,3,34.333333333333336,4.857291,52.370304
92,275000.0,4,23.0,4.795583,52.348505
107,700000.0,3,35.666666666666664,4.908421,52.364761
83,260000.0,4,20.75,4.969802,52.316702
83,275000.0,3,27.666666666666668,4.9688878,52.2923239
75,535000.0,4,18.75,4.861328,52.372929
94,465000.0,4,23.5,4.838028,52.377317
62,490000.0,3,20.666666666666668,4.87487,52.363758
69,375000.0,4,17.25,4.799561,52.37431
58,425000.0,3,19.333333333333332,4.852231,52.361321
109,265000.0,5,21.8,4.976731,52.325525
58,425000.0,3,19.333333333333332,4.858639,52.369339
122,525000.0,5,24.4,4.950277,52.396263
77,625000.0,4,19.25,4.846204,52.349933
77,380000.0,4,19.25,4.795007,52.375474
41,350000.0,2,20.5,4.863282,52.363713
70,325000.0,4,17.5,4.830209,52.363691
74,550000.0,2,37.0,4.874332,52.369651
85,300000.0,4,21.25,4.947646,52.402266
50,245000.0,2,25.0,4.883861,52.417569
53,395000.0,3,17.666666666666668,4.851991,52.365663
40,365000.0,2,20.0,4.887941,52.35683
89,698000.0,5,17.8,4.894517,52.351528
80,375000.0,4,20.0,4.840015,52.363904
88,375000.0,3,29.333333333333332,4.806525,52.359424
71,425000.0,3,23.666666666666668,4.855635,52.37986
89,730000.0,3,29.666666666666668,4.88956,52.345979
48,325000.0,4,12.0,4.849943,52.384166
78,275000.0,3,26.0,4.972526,52.321871
67,535000.0,2,33.5,4.894107,52.363363
57,375000.0,3,19.0,4.850695,52.383963
126,775000.0,5,25.2,4.932925,52.358206
78,375000.0,3,26.0,4.814789,52.382249
54,400000.0,3,18.0,4.849224,52.350198
40,300000.0,2,20.0,4.91803,52.357424
104,375000.0,3,34.666666666666664,4.983057,52.318698
91,295000.0,3,30.333333333333332,4.981371,52.313749
57,345000.0,2,28.5,4.878162,52.325097
71,260000.0,3,23.666666666666668,4.967708,52.317064
56,225000.0,2,28.0,4.992412,52.295757
50,425000.0,2,25.0,4.852084,52.366236
90,475000.0,3,30.0,4.996258,52.358696
108,425000.0,3,36.0,4.808883,52.363274
121,1170000.0,2,60.5,4.883377,52.373492
69,520000.0,3,23.0,4.923063,52.35637
68,350000.0,4,17.0,4.829524,52.363328
108,289500.0,5,21.6,4.974531,52.325473
127,480000.0,5,25.4,4.80722,52.344454
84,325000.0,4,21.0,4.917985,52.405783
57,250000.0,2,28.5,4.803968,52.355143
87,350000.0,3,29.0,4.802688,52.382381
110,600000.0,4,27.5,4.981387,52.360243
87,350000.0,3,29.0,4.954462,52.393215
70,525000.0,3,23.333333333333332,4.901743,52.355153
89,500000.0,3,29.666666666666668,4.947119,52.376909
106,700000.0,3,35.333333333333336,4.922868,52.371793
90,300000.0,4,22.5,4.984519,52.299712
78,365000.0,4,19.5,4.829607,52.372067
107,604447.4074074074,3,35.666666666666664,4.945022,52.369244
84,375000.0,4,21.0,4.7958,52.38318
74,425000.0,3,24.666666666666668,4.878057,52.385387
109,469000.0,3,36.333333333333336,4.891949,52.423805
44,325000.0,3,14.666666666666666,4.889549,52.361331
90,550000.0,3,30.0,4.930426,52.371197
50,385000.0,2,25.0,4.870167,52.384355
43,325000.0,2,21.5,4.859637,52.375563
73,465000.0,4,18.25,4.918062,52.387403
67,300000.0,3,22.333333333333332,4.783188,52.350225
84,250000.0,3,28.0,4.952138,52.400571
64,500000.0,3,21.333333333333332,4.854288,52.359955
108,875000.0,4,27.0,4.655161,52.376552
62,399000.0,2,31.0,4.853523,52.356392
145,925000.0,4,36.25,4.933939,52.374739
123,875000.0,4,30.75,4.894206,52.33822
123,930000.0,4,30.75,4.894206,52.33822
101,725000.0,4,25.25,4.931075,52.369038
119,575000.0,3,39.666666666666664,4.845779,52.37755
132,600000.0,4,33.0,5.00033,52.35282
72,265000.0,3,24.0,4.9684,52.317292
46,350000.0,3,15.333333333333334,4.873501,52.377961
78,340000.0,3,26.0,4.829629,52.372955
58,350000.0,3,19.333333333333332,4.84314,52.378753
56,430000.0,2,28.0,4.917761,52.356215
180,975000.0,5,36.0,4.900779,52.408945
84,500000.0,3,28.0,4.913659,52.343221
89,645000.0,3,29.666666666666668,4.921169,52.364353
49,425000.0,3,16.333333333333332,4.901398,52.355807
149,1090000.0,3,49.666666666666664,4.890751,52.349678
104,465000.0,3,34.666666666666664,4.918343,52.405579
79,700000.0,3,26.333333333333332,4.911378,52.342112
55,325000.0,2,27.5,4.865786,52.328459
107,695000.0,4,26.75,4.934082,52.371077
97,825000.0,4,24.25,4.902906,52.35753
64,280000.0,3,21.333333333333332,4.811771,52.355712
77,325000.0,3,25.666666666666668,4.945778,52.393622
77,325000.0,3,25.666666666666668,4.899777,52.40313
111,275000.0,5,22.2,4.970438,52.294244
46,340000.0,2,23.0,4.856593,52.380808
72,550000.0,3,24.0,4.85255,52.367739
84,500000.0,3,28.0,4.947231,52.377422
111,750000.0,4,27.75,4.892182,52.401519
92,499000.0,4,23.0,4.837996,52.37746
212,1750000.0,4,53.0,4.883097,52.369689
50,319000.0,2,25.0,4.847496,52.378843
147,1100000.0,4,36.75,4.878689,52.353303
47,325000.0,2,23.5,4.909223,52.34615
109,475000.0,4,27.25,4.801543,52.344264
88,300000.0,2,44.0,4.807168,52.361653
66,265000.0,2,33.0,4.930826,52.398984
99,399500.0,3,33.0,4.792451,52.354762
95,625000.0,5,19.0,4.855072,52.377799
40,399000.0,2,20.0,4.886109,52.363042
66,445000.0,3,22.0,4.852373,52.377544
145,550000.0,3,48.333333333333336,5.000011,52.352324
84,675000.0,4,21.0,4.855835,52.360699
84,325000.0,3,28.0,4.877949,52.334686
82,600000.0,4,20.5,4.852076,52.381479
57,375000.0,3,19.0,4.852248,52.361159
82,575000.0,4,20.5,4.906854,52.341296
79,475000.0,3,26.333333333333332,4.829591,52.372067
62,500000.0,3,20.666666666666668,4.914296,52.358996
94,275000.0,4,23.5,4.95696,52.311632
63,525000.0,3,21.0,4.865952,52.361768
52,400000.0,2,26.0,4.908012,52.356419
80,375000.0,4,20.0,4.882011,52.330956
87,550000.0,2,43.5,4.942751,52.373127
76,525000.0,2,38.0,4.922699,52.355605
90,760000.0,4,22.5,4.886718,52.380687
75,675000.0,3,25.0,4.876322,52.365121
97,325000.0,4,24.25,4.955054,52.317674
75,459000.0,3,25.0,4.94178,52.357269
46,350000.0,2,23.0,4.863132,52.36504
43,325000.0,2,21.5,4.934601,52.36596
81,275000.0,3,27.0,4.810853,52.354008
57,275000.0,2,28.5,4.937616,52.397321
140,700000.0,5,28.0,4.837658,52.350226
59,209000.0,2,29.5,4.975309,52.296957
150,1325000.0,5,30.0,4.896605,52.359176
120,850000.0,3,40.0,4.89518,52.361947
105,485000.0,4,26.25,5.000345,52.352811
53,385000.0,2,26.5,4.901411,52.347889
125,650000.0,5,25.0,4.901879,52.406292
64,450000.0,3,21.333333333333332,4.850607,52.352379
87,450000.0,3,29.0,4.990866,52.360697
90,600000.0,3,30.0,4.844731,52.349856
71,245000.0,3,23.666666666666668,4.787319,52.359244
70,500000.0,3,23.333333333333332,4.869195,52.380747
80,600000.0,2,40.0,4.865609,52.365991
73,595000.0,3,24.333333333333332,4.910454,52.34221
127,995000.0,4,31.75,4.889858,52.357323
118,475000.0,5,23.6,5.015376,52.305296
78,275000.0,3,26.0,4.972526,52.321871
85,285000.0,4,21.25,4.950198,52.39832
75,585000.0,3,25.0,4.853451,52.364831
75,310000.0,3,25.0,4.790104,52.381911
81,495000.0,4,20.25,4.870861,52.332238
54,475000.0,2,27.0,4.863781,52.361606
57,425000.0,3,19.0,4.849341,52.384118
161,875000.0,4,40.25,4.777448,52.350596
73,560000.0,3,24.333333333333332,4.857873,52.360923
81,604447.4074074074,3,27.0,4.880976,52.389623
40,275000.0,2,20.0,4.921147,52.373395
145,575000.0,5,29.0,4.78754,52.348859
125,1025000.0,3,41.666666666666664,4.860922,52.358834
47,340000.0,2,23.5,4.856817,52.380458
125,550000.0,5,25.0,4.84351,52.363743
59,400000.0,2,29.5,4.871359,52.378707
33,235000.0,2,16.5,4.836971,52.362788
93,335000.0,4,23.25,4.92221,52.409314
221,975000.0,5,44.2,4.838629,52.37491
64,450000.0,2,32.0,4.930926,52.377783
53,350000.0,2,26.5,4.930264,52.363679
118,725000.0,4,29.5,4.87252,52.392217
44,340000.0,3,14.666666666666666,4.864588,52.365393
164,1175000.0,2,82.0,4.92035,52.366858
92,325000.0,4,23.0,4.936866,52.394487
103,700000.0,4,25.75,4.99474,52.392365
82,295000.0,3,27.333333333333332,4.808181,52.357419
44,335000.0,2,22.0,4.904467,52.35165
38,300000.0,2,19.0,4.86116,52.363527
83,600000.0,4,20.75,4.925816,52.363614
72,675000.0,3,24.0,4.860601,52.352451
80,495000.0,4,20.0,4.859791,52.371205
75,539000.0,3,25.0,4.860239,52.370632
75,499000.0,3,25.0,4.902863,52.342664
67,475000.0,3,22.333333333333332,4.860847,52.358995
130,800000.0,5,26.0,4.932943,52.358329
99,315000.0,4,24.75,4.78504,52.354616
111,450000.0,4,27.75,4.785975,52.347341
54,495000.0,3,18.0,4.86547,52.3628
78,550000.0,3,26.0,4.877208,52.342458
89,400000.0,3,29.666666666666668,5.012134,52.349139
70,525000.0,3,23.333333333333332,4.849656,52.353346
98,350000.0,4,24.5,4.952422,52.316855
86,620000.0,4,21.5,4.92068,52.354968
89,375000.0,5,17.8,4.915413,52.40997
93,485000.0,5,18.6,4.918067,52.385525
87,385000.0,3,29.0,4.793277,52.381864
138,1575000.0,4,34.5,4.961457,52.38257
33,249000.0,2,16.5,4.883913,52.327585
74,350000.0,4,18.5,4.832383,52.373012
136,600000.0,4,34.0,4.802149,52.350604
79,425000.0,3,26.333333333333332,4.874705,52.332273
69,345000.0,4,17.25,4.795948,52.374337
58,640000.0,3,19.333333333333332,4.907085,52.372907
58,645000.0,3,19.333333333333332,4.907085,52.372907
92,350000.0,3,30.666666666666668,4.802618,52.378567
65,350000.0,2,32.5,4.935377,52.358917
115,475000.0,5,23.0,4.776722,52.351033
96,450000.0,3,32.0,4.993345,52.355933
59,450000.0,2,29.5,4.891511,52.401727
54,375000.0,3,18.0,4.919118,52.352814
69,485000.0,3,23.0,4.866392,52.365536
136,1100000.0,3,45.333333333333336,4.872591,52.356414
43,375000.0,2,21.5,4.860276,52.347686
138,525000.0,5,27.6,4.774348,52.350823
162,1325000.0,4,40.5,4.95437552819149,52.3679823
92,335000.0,4,23.0,4.921825,52.409609
58,400000.0,3,19.333333333333332,4.920732,52.352847
124,835000.0,3,41.333333333333336,4.876154,52.347558
136,885000.0,3,45.333333333333336,4.876154,52.347558
81,635000.0,3,27.0,4.894509,52.343016
129,1120000.0,5,25.8,4.860337,52.359856
52,375000.0,3,17.333333333333332,4.852329,52.365365
41,285000.0,2,20.5,4.922721,52.354922
92,425137.0,4,23.0,4.98896,52.321172
107,549001.0,4,26.75,5.016522,52.305075
102,500000.0,5,20.4,4.823859,52.383847
29,179000.0,2,14.5,4.945048,52.325695
90,790000.0,3,30.0,4.884941,52.378055
50,350000.0,3,16.666666666666668,4.853093,52.368955
110,425000.0,4,27.5,4.804152,52.364802
112,525000.0,5,22.4,4.79733,52.356512
74,329000.0,4,18.5,4.928532,52.397672
101,445000.0,3,33.666666666666664,4.83075,52.365104
107,800000.0,3,35.666666666666664,4.879459,52.373268
135,875000.0,5,27.0,4.897048,52.417382
78,575000.0,3,26.0,4.858844,52.373106
76,700000.0,4,19.0,4.895174,52.363763
80,325000.0,4,20.0,4.909069,52.405451
102,750000.0,5,20.4,4.937898,52.356428
73,500000.0,3,24.333333333333332,4.853124,52.367607
48,300000.0,2,24.0,4.949415,52.340644
157,675000.0,5,31.4,4.831079,52.368144
34,345000.0,2,17.0,4.855832,52.352385
64,275000.0,3,21.333333333333332,4.94649,52.39437
45,245000.0,2,22.5,4.834844,52.378255
37,385000.0,2,18.5,4.855832,52.352385
35,375000.0,2,17.5,4.855832,52.352385
68,300000.0,3,22.666666666666668,4.898877,52.419502
171,1200000.0,4,42.75,4.846606,52.356702
127,499000.0,5,25.4,4.796462,52.352238
98,325000.0,3,32.666666666666664,4.956816,52.31741
60,480000.0,2,30.0,4.85983,52.361813
62,475000.0,4,15.5,4.846923,52.347545
78,685000.0,3,26.0,4.890731,52.351449
57,550000.0,2,28.5,4.884292,52.370557
137,550000.0,5,27.4,4.787554,52.348895
78,330000.0,3,26.0,4.829637,52.372964
59,375000.0,3,19.666666666666668,4.852415,52.380133
107,575000.0,3,35.666666666666664,4.935891,52.37338
98,825000.0,4,24.5,4.890594,52.376848
119,515000.0,4,29.75,4.918363,52.403385
65,225000.0,2,32.5,4.958115,52.309662
119,1050000.0,5,23.8,4.860818,52.352776
80,425000.0,4,20.0,4.846389,52.379296
63,375000.0,5,12.6,4.890785,52.41492
145,1150000.0,5,29.0,4.87195,52.372454
71,425000.0,4,17.75,4.852168,52.378747
124,1450000.0,5,24.8,4.896425,52.360892
90,850000.0,3,30.0,4.910051,52.361418
114,750000.0,4,28.5,4.902566,52.368503
107,450000.0,4,26.75,4.892525,52.423619
58,235000.0,2,29.0,4.947669,52.325253
83,600000.0,2,41.5,4.908391,52.371373
81,315000.0,3,27.0,4.807981,52.357437
157,1250000.0,4,39.25,4.876006,52.362028
98,699000.0,3,32.666666666666664,4.861985,52.322384
74,450000.0,2,37.0,4.904136,52.399475
78,300000.0,4,19.5,4.954641,52.394724
61,475000.0,3,20.333333333333332,4.881701,52.393538
66,399000.0,4,16.5,4.925631,52.356012
109,790000.0,5,21.8,4.867865,52.345104
77,650000.0,3,25.666666666666668,4.863394,52.36954
96,375000.0,4,24.0,4.806801,52.352919
47,365000.0,2,23.5,4.874125,52.374854
47,210000.0,2,23.5,4.797085,52.353976
55,269000.0,2,27.5,4.808183,52.361977
96,570000.0,4,24.0,4.843132,52.360049
112,785000.0,3,37.333333333333336,4.899032,52.376065
93,500000.0,3,31.0,4.938017,52.373868
53,400000.0,3,17.666666666666668,4.907895,52.341373
55,425000.0,3,18.333333333333332,4.846708,52.353775
106,700000.0,3,35.333333333333336,4.844918,52.349996
75,350000.0,3,25.0,4.832782,52.373345
42,360000.0,3,14.0,4.86139,52.347835
64,512000.0,2,32.0,4.902531,52.37572
45,375000.0,2,22.5,4.90341,52.354369
118,750000.0,4,29.5,4.930455,52.377871
53,237000.0,3,17.666666666666668,4.974395,52.324322
45,375000.0,2,22.5,4.888718,52.351656
80,560000.0,2,40.0,4.898846,52.370303
48,250000.0,3,16.0,4.823887,52.38063
87,650000.0,4,21.75,4.95437552819149,52.3679823
273,1450000.0,5,54.6,4.942112,52.376819
40,275000.0,2,20.0,4.898299,52.40928
81,550000.0,5,16.2,4.850743,52.359283
82,349000.0,4,20.5,4.797681,52.354375
92,350000.0,3,30.666666666666668,4.802582,52.379007
80,575000.0,3,26.666666666666668,4.893865,52.379863
120,1000000.0,3,40.0,4.887462,52.368027
102,398000.0,3,34.0,4.93924,52.396527
82,280000.0,3,27.333333333333332,4.968223,52.291672
58,350000.0,3,19.333333333333332,4.841738,52.378934
76,500000.0,3,25.333333333333332,4.878134,52.395229
95,615000.0,4,23.75,4.8722593,52.379951
128,575000.0,4,32.0,4.90981909560303,52.3686532505277
31,275000.0,2,15.5,4.888065,52.381025
92,644900.0,3,30.666666666666668,4.873124,52.383918
80,685000.0,3,26.666666666666668,4.856566,52.353584
139,1300000.0,5,27.8,4.879252,52.370823
94,540000.0,3,31.333333333333332,4.969506,52.372583
96,475000.0,4,24.0,4.952066,52.344595
61,245000.0,3,20.333333333333332,4.788481,52.357145
96,695000.0,3,32.0,4.902359,52.37536
79,348738.0,4,19.75,5.0165552,52.3505131
79,348738.0,4,19.75,5.0165552,52.3505131
205,1698000.0,5,41.0,4.860637,52.351894
84,275000.0,4,21.0,4.790574,52.356342
118,375000.0,4,29.5,4.82399,52.380639
129,675000.0,4,32.25,4.819965,52.343878
111,849000.0,5,22.2,4.91369,52.38816
108,539000.0,4,27.0,4.838534,52.379072
59,525000.0,4,14.75,4.880977,52.368961
72,350000.0,3,24.0,4.890612,52.414587
51,350000.0,3,17.0,4.856935,52.363256
113,599000.0,4,28.25,4.965731,52.375268
79,300000.0,4,19.75,4.810678,52.355493
