Area,Price,Room,Room_Area,Lon,Lat,Zona
64,685000.0,3,21.33333333333333,4.907736,52.356157,3
60,475000.0,3,20.0,4.850476,52.348586,0
109,850000.0,4,27.25,4.944774,52.343782,1
138,720000.0,5,27.6,4.902503,52.410538,4
53,450000.0,2,26.5,4.875024,52.382228,0
87,450000.0,3,29.0,4.896536,52.410585,4
80,590000.0,2,40.0,4.871555,52.371041,0
49,399000.0,3,16.333333333333332,4.854671,52.363471,0
33,300000.0,2,16.5,4.897142,52.353111,3
69,540000.0,3,23.0,4.851985,52.351244,0
88,539000.0,3,29.33333333333333,4.942972,52.377442,4
45,390000.0,3,15.0,4.908173,52.356446,3
70,575000.0,2,35.0,4.897782,52.366928,3
86,650000.0,3,28.666666666666668,4.909361,52.356532,3
105,475000.0,5,21.0,4.900926,52.408311,4
78,325000.0,3,26.0,4.829644,52.372068,2
100,399000.0,3,33.333333333333336,4.949572,52.317294,1
52,375000.0,3,17.333333333333332,4.872555,52.392426,0
71,575000.0,3,23.666666666666668,4.891161,52.351082,3
114,600000.0,4,28.5,4.837666,52.362011,0
75,525000.0,3,25.0,4.945438,52.361355,4
110,350000.0,5,22.0,4.921574,52.408269,4
89,350000.0,3,29.666666666666668,4.88516,52.423543,0
134,575000.0,5,26.8,4.887858,52.332103,3
51,375000.0,3,17.0,4.862875,52.373735,0
37,325000.0,2,18.5,4.889539,52.351732,3
98,800000.0,3,32.666666666666664,4.900342,52.346366,3
258,1950000.0,4,64.5,4.887444,52.385346,3
83,735000.0,3,27.666666666666668,4.86109,52.344643,0
74,475000.0,3,24.666666666666668,4.865792,52.365372,0
31,275000.0,2,15.5,4.883566,52.330963,3
47,375000.0,2,23.5,4.899509,52.352717,3
63,570000.0,3,21.0,4.85856,52.359929,0
43,375000.0,2,21.5,4.921855,52.368922,4
49,365000.0,3,16.333333333333332,4.854277,52.371899,0
62,550000.0,3,20.666666666666668,4.874257,52.369627,0
91,325000.0,4,22.75,4.987296,52.300656,1
50,429000.0,3,16.666666666666668,4.907585,52.363609,3
120,650000.0,4,30.0,4.924306,52.36344,4
55,350000.0,3,18.33333333333333,4.847389,52.373198,0
79,475000.0,3,26.33333333333333,4.942841,52.362693,4
99,325000.0,3,33.0,4.981149,52.314,1
82,425000.0,3,27.33333333333333,4.83186,52.364372,2
77,350000.0,4,19.25,4.948371,52.392858,4
81,350000.0,3,27.0,4.837764,52.363887,0
93,375000.0,4,23.25,4.815101,52.356914,2
73,450000.0,3,24.33333333333333,4.877698,52.388468,0
160,1185000.0,5,32.0,4.892374,52.363383,3
74,385000.0,3,24.666666666666668,4.91913,52.406915,4
86,687500.0,4,21.5,4.855875,52.352448,0
52,585000.0,4,13.0,4.891858,52.42145,4
145,1295000.0,5,29.0,4.89952,52.367261,3
61,375000.0,3,20.33333333333333,4.851777,52.379483,0
86,500000.0,4,21.5,4.944196,52.366168,4
78,300000.0,4,19.5,4.951093,52.393956,4
52,375000.0,4,13.0,4.86106,52.376873,0
51,400000.0,2,25.5,4.85633,52.36355,0
117,850000.0,5,23.4,4.889851,52.347518,3
72,550000.0,3,24.0,4.859628,52.359026,0
56,275000.0,2,28.0,4.959199,52.395846,4
54,330000.0,3,18.0,4.848563,52.381715,0
102,700000.0,3,34.0,4.969203,52.372762,4
72,500000.0,2,36.0,4.922788,52.342942,3
47,369000.0,3,15.666666666666666,4.933378,52.364949,4
68,245000.0,3,22.666666666666668,4.9688878,52.2923239,1
65,350000.0,4,16.25,4.885364,52.412066,0
69,425000.0,3,23.0,4.850643,52.379711,0
147,604447.4074074074,3,49.0,4.897454,52.360707,3
94,375000.0,4,23.5,4.800745,52.379133,2
92,335000.0,4,23.0,4.936896,52.394478,4
56,450000.0,3,18.666666666666668,4.888332,52.349498,3
101,395000.0,5,20.2,4.993551,52.292948,1
45,300000.0,2,22.5,4.87065,52.37314,0
84,450000.0,3,28.0,4.944032,52.365457,4
51,415000.0,2,25.5,4.853803,52.366082,0
67,650000.0,4,16.75,4.901713,52.360545,3
52,425000.0,2,26.0,4.876149,52.390376,0
67,469000.0,2,33.5,4.882743,52.382746,0
73,485000.0,4,18.25,4.924634,52.368555,4
29,285000.0,2,14.5,4.880046,52.384661,0
97,995000.0,2,48.5,4.884982,52.369202,3
220,1475000.0,5,44.0,4.920481,52.366984,3
60,475000.0,3,20.0,4.868057,52.370073,0
124,475000.0,5,24.8,4.837522,52.364821,0
56,395000.0,2,28.0,4.848779,52.348138,0
47,375000.0,2,23.5,4.896579,52.372127,3
37,400000.0,2,18.5,4.855832,52.352385,0
42,325000.0,2,21.0,4.879081,52.390874,0
53,400000.0,3,17.666666666666668,4.864958,52.343986,0
80,475000.0,3,26.666666666666668,4.868693,52.343328,0
68,425000.0,3,22.666666666666668,4.944251,52.352317,4
101,375000.0,3,33.666666666666664,4.819711,52.379837,2
47,365000.0,2,23.5,4.871178,52.382031,0
67,500000.0,3,22.33333333333333,4.926673,52.356043,3
92,450000.0,3,30.666666666666668,4.835487,52.353658,0
95,725000.0,3,31.666666666666668,4.886006,52.377377,3
52,225000.0,2,26.0,4.976804,52.325544,1
55,375000.0,3,18.33333333333333,4.862201,52.373597,0
74,495000.0,3,24.666666666666668,4.867549,52.384604,0
58,475000.0,3,19.33333333333333,4.885902,52.363158,3
53,450000.0,2,26.5,4.882472,52.365273,3
66,475000.0,3,22.0,4.910224,52.347296,3
62,475000.0,3,20.666666666666668,4.848941,52.351734,0
61,345000.0,3,20.33333333333333,4.798199,52.362969,2
78,369000.0,3,26.0,4.841525,52.35007,0
91,320000.0,4,22.75,4.983191,52.294198,1
66,465000.0,3,22.0,4.917899,52.386198,4
35,340000.0,2,17.5,4.898311,52.373509,3
111,375000.0,5,22.2,4.970987,52.301346,1
93,595000.0,3,31.0,4.910003,52.356903,3
92,525000.0,3,30.666666666666668,4.936101,52.371484,4
61,245000.0,3,20.33333333333333,4.789682,52.355404,2
85,275000.0,4,21.25,4.95037,52.399252,4
72,575000.0,2,36.0,4.931839,52.369014,4
70,250000.0,3,23.33333333333333,4.968806,52.291803,1
165,975000.0,5,33.0,4.946186,52.373257,4
52,375000.0,2,26.0,4.875248,52.376809,0
159,1100000.0,5,31.8,4.919919,52.338283,3
102,750000.0,3,34.0,4.877406,52.394832,0
55,439000.0,3,18.33333333333333,4.90487,52.374978,3
57,375000.0,2,28.5,4.91638,52.352165,3
66,445000.0,3,22.0,4.909207,52.369475,3
77,325000.0,4,19.25,4.947655,52.395417,4
57,415000.0,2,28.5,4.865612,52.373199,0
43,300000.0,2,21.5,4.868786,52.365466,0
88,915000.0,5,17.6,4.887412,52.377742,3
50,350000.0,3,16.666666666666668,4.85167,52.366405,0
135,1025000.0,4,33.75,4.875881,52.347368,0
177,895000.0,4,44.25,4.924895,52.373122,4
59,350000.0,2,29.5,4.84399,52.362946,0
65,265000.0,3,21.666666666666668,4.81787,52.383684,2
100,500000.0,4,25.0,4.802122,52.346011,2
106,295000.0,4,26.5,4.977496,52.295032,1
113,995000.0,3,37.66666666666666,4.888199,52.374321,3
54,385000.0,2,27.0,4.889927,52.348587,3
89,550000.0,4,22.25,4.870523,52.365141,0
40,325000.0,2,20.0,4.862992,52.365,0
62,225000.0,2,31.0,4.957403,52.309773,1
66,395000.0,3,22.0,4.885793,52.324797,3
102,425000.0,4,25.5,4.789341,52.380775,2
64,525000.0,4,16.0,4.878779,52.368556,0
88,400000.0,4,22.0,4.80651,52.359451,2
50,250000.0,2,25.0,4.959052,52.3958,4
41,360000.0,2,20.5,4.873624,52.382635,0
154,1050000.0,4,38.5,4.968819,52.373001,4
50,290000.0,2,25.0,4.834901,52.378363,0
50,469000.0,3,16.666666666666668,4.893043,52.37844,3
74,625000.0,3,24.666666666666668,4.89965,52.366621,3
79,540000.0,4,19.75,4.88439,52.413734,0
96,285000.0,4,24.0,4.972596,52.317512,1
168,859000.0,3,56.0,5.016505,52.350556,1
63,275000.0,2,31.5,4.93924,52.396536,4
73,375000.0,4,18.25,4.826759,52.356709,2
89,399500.0,2,44.5,4.807068,52.362692,2
103,430000.0,4,25.75,4.807703,52.363646,2
141,1300000.0,4,35.25,4.904363,52.333206,3
130,1750000.0,3,43.333333333333336,4.872151,52.336348,0
109,950000.0,4,27.25,4.879612,52.377871,0
150,1450000.0,3,50.0,4.88987,52.370706,3
69,285000.0,3,23.0,4.979002,52.318782,1
54,300000.0,2,27.0,4.846858,52.384197,0
166,1500000.0,4,41.5,4.857216,52.325762,0
107,685000.0,4,26.75,4.868754,52.341846,0
178,4495000.0,5,35.6,4.89429,52.373106,3
171,989000.0,5,34.2,4.893261,52.419532,4
100,765000.0,4,25.0,4.964853,52.409986,4
118,665000.0,4,29.5,4.938738,52.356081,4
183,2475000.0,4,45.75,4.897473,52.358943,3
98,475000.0,4,24.5,4.83852,52.379072,0
78,300000.0,4,19.5,4.950977,52.393821,4
103,350000.0,4,25.75,4.809689,52.378,2
45,450000.0,2,22.5,4.9064,52.358857,3
145,600000.0,4,36.25,4.799931,52.334488,2
39,350000.0,2,19.5,4.874462,52.38503,0
100,595000.0,3,33.333333333333336,4.84313,52.359998,0
42,335000.0,2,21.0,4.862224,52.364187,0
154,1295000.0,4,38.5,4.867645,52.348806,0
103,825000.0,3,34.333333333333336,4.885645,52.35602,3
85,325000.0,4,21.25,4.976098,52.308383,1
115,450000.0,3,38.333333333333336,4.798695,52.352124,2
125,1450000.0,2,62.5,4.891701,52.367182,3
99,585000.0,3,33.0,4.835845,52.366451,0
105,1200000.0,4,26.25,4.886034,52.379546,3
153,1550000.0,5,30.6,4.88242,52.360824,3
147,1250000.0,4,36.75,4.891955,52.38514,3
121,998000.0,2,60.5,4.891161,52.378843,3
54,395000.0,3,18.0,4.857567,52.370557,0
85,935000.0,3,28.33333333333333,4.8887,52.365003,3
63,1050000.0,3,21.0,4.90885,52.365524,3
110,729000.0,5,22.0,4.90132,52.375059,3
130,699000.0,5,26.0,4.788762,52.344183,2
25,400000.0,2,12.5,4.962333,52.362891,4
102,550000.0,4,25.5,4.858163,52.379474,0
93,975000.0,3,31.0,4.882903,52.354535,3
79,295000.0,3,26.33333333333333,4.807977,52.357443,2
71,350000.0,4,17.75,4.803337,52.378625,2
110,685000.0,4,27.5,4.901539,52.333097,3
165,1275000.0,5,33.0,4.882122,52.366395,3
48,439000.0,2,24.0,4.917931,52.367418,3
95,785000.0,5,19.0,4.861607,52.367915,0
68,395000.0,3,22.666666666666668,4.920126,52.388122,4
78,595000.0,3,26.0,4.893924,52.379828,3
117,875000.0,3,39.0,4.906839,52.371272,3
29,295000.0,2,14.5,4.887596,52.367946,3
80,520000.0,2,40.0,4.872336,52.33033,0
57,439000.0,3,19.0,4.862129,52.347398,0
66,410000.0,4,16.5,4.920472,52.357987,3
45,350000.0,2,22.5,4.873726,52.382654,0
120,835000.0,5,24.0,4.88447,52.382635,3
111,985000.0,5,22.2,4.890089,52.371683,3
56,425000.0,2,28.0,4.943696,52.338795,1
58,635000.0,3,19.33333333333333,4.907085,52.372907,3
151,999500.0,3,50.333333333333336,4.907627,52.376281,3
151,1050000.0,4,37.75,4.880571,52.362038,3
60,225000.0,3,20.0,4.790457,52.35459,2
165,1099000.0,5,33.0,4.875455,52.347348,0
103,895000.0,3,34.333333333333336,4.885645,52.35602,3
146,799000.0,5,29.2,4.858845,52.343402,0
129,719000.0,4,32.25,4.802093,52.343737,2
37,285000.0,2,18.5,4.807805,52.344914,2
37,285000.0,2,18.5,4.807805,52.344914,2
111,900000.0,2,55.5,4.887092,52.376105,3
93,475000.0,3,31.0,5.009767,52.349453,1
110,545000.0,4,27.5,4.789083,52.379219,2
94,685000.0,3,31.33333333333333,4.873591,52.374016,0
81,650000.0,3,27.0,4.897432,52.366729,3
207,1100011.0,5,41.4,4.90048,52.400948,4
81,1200000.0,3,27.0,4.858004,52.3574,0
214,1495000.0,5,42.8,5.029122,52.41355,4
47,295000.0,2,23.5,4.860857,52.380834,0
117,1000000.0,4,29.25,4.892522,52.367449,3
162,1150000.0,5,32.4,4.890591,52.375342,3
173,1350000.0,5,34.6,4.887183,52.355065,3
90,469000.0,3,30.0,4.903526,52.374705,3
107,669000.0,5,21.4,4.89278,52.420465,4
71,300000.0,2,35.5,4.976454,52.306326,1
49,425000.0,2,24.5,4.852468,52.380663,0
150,749000.0,5,30.0,4.90981909560303,52.3686532505277,3
30,389000.0,2,15.0,4.906059,52.374085,3
85,275000.0,4,21.25,4.943931,52.321174,1
79,400000.0,3,26.33333333333333,4.826718,52.343893,2
110,850000.0,2,55.0,4.936223,52.360906,4
203,1700000.0,5,40.6,4.869966,52.349904,0
91,549000.0,5,18.2,4.943456,52.376191,4
115,1375000.0,3,38.333333333333336,4.881814,52.361226,3
72,500000.0,2,36.0,4.887619,52.381092,3
183,575000.0,5,36.6,4.881542,52.41986,0
183,2475000.0,3,61.0,4.897473,52.358943,3
257,1425000.0,4,64.25,4.905372,52.373727,3
117,1695000.0,3,39.0,4.876144,52.358928,0
130,515000.0,4,32.5,4.7836987,52.3496214,2
134,1095000.0,3,44.66666666666666,4.872859,52.335851,0
120,519900.0,5,24.0,4.937065,52.400905,4
88,700000.0,5,17.6,4.902826,52.363883,3
93,280000.0,4,23.25,4.95868,52.309724,1
129,600000.0,4,32.25,4.905853,52.369804,3
120,849000.0,3,40.0,4.893709,52.375387,3
374,3680000.0,4,93.5,4.905695,52.385321,3
114,750750.0,4,28.5,4.902864,52.349279,3
128,899000.0,5,25.6,4.960756,52.409584,4
95,895000.0,3,31.666666666666668,4.960756,52.409584,4
131,1085000.0,5,26.2,4.876231,52.347558,0
30,300000.0,3,10.0,4.832087,52.354406,2
82,649000.0,3,27.33333333333333,4.910725,52.370289,3
105,785000.0,5,21.0,4.910725,52.370289,3
94,565000.0,3,31.33333333333333,4.825673,52.361323,2
133,1395000.0,3,44.333333333333336,4.898884,52.418864,4
102,795000.0,3,34.0,4.884579,52.364626,3
121,1200000.0,4,30.25,4.881097,52.368746,3
146,995000.0,3,48.66666666666666,4.895233,52.365084,3
127,775000.0,3,42.333333333333336,4.895121,52.361947,3
148,825000.0,3,49.333333333333336,4.895224,52.361929,3
258,1249000.0,5,51.6,4.967897,52.410672,4
100,380000.0,4,25.0,4.80256,52.380679,2
120,450000.0,5,24.0,4.956167,52.317822,1
66,399000.0,2,33.0,4.923315,52.379524,4
102,650000.0,3,34.0,4.877436,52.375551,0
139,1599000.0,5,27.8,4.868596,52.361672,0
127,629000.0,4,31.75,4.794478,52.338652,2
69,359000.0,4,17.25,4.965813,52.381514,4
75,419000.0,4,18.75,4.952089,52.36658,4
60,250000.0,3,20.0,4.945909,52.320409,1
104,320000.0,5,20.8,4.976237,52.296421,1
115,415000.0,4,28.75,4.961952,52.321743,1
124,750000.0,5,24.8,4.918831,52.363292,3
73,420000.0,3,24.33333333333333,4.859128,52.327841,0
63,525000.0,3,21.0,4.892914,52.384794,3
107,550000.0,4,26.75,4.997979,52.354825,1
60,450000.0,4,15.0,4.928173,52.355788,3
54,425000.0,3,18.0,4.861234,52.346145,0
95,675000.0,3,31.666666666666668,4.906809,52.353645,3
150,1150000.0,5,30.0,4.853623,52.360284,0
131,1250000.0,4,32.75,4.878356,52.394101,0
158,1450000.0,4,39.5,4.878463,52.394178,0
80,345000.0,3,26.666666666666668,4.795934,52.350007,2
56,425000.0,3,18.666666666666668,4.880816,52.37278,0
60,250000.0,2,30.0,4.947171,52.325081,1
59,485000.0,3,19.666666666666668,4.925675,52.358255,3
166,1200000.0,5,33.2,4.872275,52.362146,0
71,325000.0,4,17.75,4.827036,52.353376,2
39,275000.0,2,19.5,4.839165,52.37701,0
78,365000.0,3,26.0,4.886519,52.331919,3
84,300000.0,4,21.0,4.991578,52.293948,1
67,485000.0,3,22.33333333333333,4.874335,52.379574,0
87,725000.0,4,21.75,4.881073,52.382434,0
87,325000.0,3,29.0,4.788052,52.349876,2
61,225000.0,3,20.33333333333333,4.945309,52.319741,1
100,690000.0,3,33.333333333333336,4.881116,52.393955,0
114,825000.0,3,38.0,4.866454,52.362822,0
53,239000.0,3,17.666666666666668,4.977675,52.324231,1
49,400000.0,2,24.5,4.872222,52.366766,0
58,430000.0,3,19.33333333333333,4.849307,52.35303,0
65,485000.0,3,21.666666666666668,4.940682,52.349698,4
44,300000.0,2,22.0,4.85225,52.367037,0
61,550000.0,3,20.33333333333333,4.884848,52.352502,3
41,325000.0,2,20.5,4.867459,52.375562,0
29,250000.0,2,14.5,4.872989,52.366428,0
109,675000.0,3,36.333333333333336,4.8479,52.372221,0
91,295000.0,4,22.75,4.795401,52.348468,2
92,350000.0,3,30.666666666666668,4.954434,52.393227,4
98,375000.0,5,19.6,4.990488,52.292974,1
53,360000.0,2,26.5,4.860817,52.380045,0
85,325000.0,4,21.25,4.901357,52.419916,4
61,250000.0,2,30.5,4.812509,52.383676,2
102,550000.0,3,34.0,4.945592,52.362164,4
76,325000.0,3,25.33333333333333,4.910084,52.406722,4
26,235000.0,2,13.0,4.944758,52.36173,4
56,450000.0,2,28.0,4.904866,52.354123,3
71,245000.0,3,23.666666666666668,4.98042,52.299114,1
153,1400000.0,4,38.25,4.875155,52.346664,0
90,650000.0,3,30.0,4.900901,52.386904,3
67,465000.0,3,22.33333333333333,4.846172,52.351371,0
104,735000.0,3,34.666666666666664,4.87459,52.347318,0
93,675000.0,4,23.25,4.902853,52.358348,3
78,425000.0,2,39.0,4.837463,52.376658,0
90,635000.0,3,30.0,4.891367,52.389872,3
99,375000.0,4,24.75,4.981355,52.320364,1
35,300000.0,2,17.5,4.888159,52.351789,3
136,910000.0,5,27.2,4.888188,52.3492,3
65,385000.0,3,21.666666666666668,4.87989,52.331729,3
93,775000.0,3,31.0,4.875949,52.366908,0
51,349500.0,3,17.0,4.941752,52.339554,1
65,375000.0,3,21.666666666666668,4.852493,52.377329,0
41,325000.0,2,20.5,4.871342,52.383093,0
89,295000.0,4,22.25,4.945355,52.323983,1
50,345000.0,2,25.0,4.849011,52.384683,0
88,325000.0,3,29.33333333333333,4.809676,52.361641,2
73,245000.0,3,24.33333333333333,4.98366,52.294299,1
70,650000.0,3,23.33333333333333,4.892242,52.354197,3
56,450000.0,4,14.0,4.850735,52.370868,0
176,525000.0,5,35.2,4.986145,52.316165,1
81,315000.0,3,27.0,4.80824,52.357393,2
83,500000.0,4,20.75,4.917034,52.395677,4
36,285000.0,2,18.0,4.887419,52.388788,3
116,600000.0,4,29.0,4.895989,52.373751,3
67,425000.0,3,22.33333333333333,4.881551,52.376576,0
53,225000.0,3,17.666666666666668,4.974337,52.324304,1
59,440000.0,3,19.666666666666668,4.85128,52.359788,0
85,450000.0,3,28.33333333333333,4.937516,52.370995,4
75,425000.0,3,25.0,4.8814,52.388529,0
60,230000.0,2,30.0,4.942778,52.320576,1
69,395000.0,3,23.0,4.927419,52.369015,4
93,550000.0,3,31.0,4.948159,52.377174,4
93,350000.0,3,31.0,4.960086,52.318673,1
92,335000.0,4,23.0,4.936689,52.394567,4
92,300000.0,4,23.0,4.922975,52.410584,4
84,270000.0,3,28.0,4.976048,52.29785,1
136,675000.0,5,27.2,4.933513,52.407695,4
73,450000.0,3,24.33333333333333,4.869487,52.378402,0
53,450000.0,2,26.5,4.90355,52.353704,3
101,549000.0,4,25.25,4.907913,52.388684,4
58,265000.0,3,19.33333333333333,4.946436,52.326171,1
42,395000.0,2,21.0,4.880279,52.369659,0
42,275000.0,2,21.0,4.916345,52.383109,4
61,400000.0,2,30.5,4.858697,52.370661,0
55,450000.0,2,27.5,4.925792,52.344742,3
63,395000.0,2,31.5,4.890125,52.371498,3
61,335000.0,2,30.5,4.881952,52.389025,0
82,425000.0,3,27.33333333333333,4.925735,52.364335,4
35,325000.0,2,17.5,4.868498,52.381319,0
76,590000.0,4,19.0,4.851989,52.381995,0
48,345000.0,2,24.0,4.880745,52.388005,0
61,398011.0,3,20.33333333333333,4.892619,52.413849,4
128,900000.0,4,32.0,4.921707,52.366234,3
78,400000.0,3,26.0,4.832758,52.384105,0
100,825000.0,3,33.333333333333336,4.875925,52.347368,0
69,415000.0,3,23.0,4.964407,52.373057,4
91,685000.0,4,22.75,4.904866,52.354123,3
77,610000.0,4,19.25,4.854361,52.368574,0
59,295000.0,3,19.666666666666668,4.946534,52.394352,4
47,339000.0,2,23.5,4.926678,52.36264,4
78,310000.0,3,26.0,4.806801,52.364911,2
49,335000.0,2,24.5,4.934237,52.364224,4
64,275000.0,2,32.0,4.832681,52.372996,0
69,425000.0,4,17.25,4.851176,52.383021,0
54,225000.0,2,27.0,4.975727,52.326205,1
41,300000.0,2,20.5,4.867456,52.375584,0
68,350000.0,3,22.666666666666668,4.829034,52.36373,2
106,475000.0,5,21.2,4.784425,52.345886,2
91,510000.0,3,30.33333333333333,4.909786,52.401616,4
60,225000.0,2,30.0,4.946485,52.319485,1
61,545000.0,2,30.5,4.907725,52.365333,3
66,550000.0,2,33.0,4.895062,52.361956,3
43,225000.0,2,21.5,4.943668,52.317544,1
83,320000.0,3,27.666666666666668,4.988144,52.299293,1
49,360000.0,3,16.333333333333332,4.854243,52.379548,0
113,475000.0,4,28.25,4.916194,52.382138,4
62,425000.0,3,20.666666666666668,4.848229,52.375341,0
81,395000.0,3,27.0,4.878726,52.325783,3
71,265000.0,3,23.666666666666668,4.943523,52.319589,1
53,230000.0,2,26.5,4.944301,52.320816,1
116,750000.0,4,29.0,4.913949,52.392914,4
122,1000000.0,5,24.4,4.860517,52.358293,0
112,825000.0,5,22.4,4.898909,52.353937,3
67,425000.0,2,33.5,4.877222,52.344263,3
56,369000.0,2,28.0,4.934903,52.360041,4
46,300000.0,3,15.333333333333334,4.920288,52.353214,3
59,300000.0,3,19.666666666666668,4.830106,52.363717,2
120,600000.0,4,30.0,4.966154,52.375408,4
65,300000.0,3,21.666666666666668,4.951253,52.394145,4
54,415000.0,2,27.0,4.862373,52.345315,0
77,325000.0,4,19.25,4.95118,52.394073,4
117,775000.0,4,29.25,4.93174,52.391546,4
102,650000.0,4,25.5,4.922217,52.355442,3
108,600000.0,4,27.0,4.967326,52.371556,4
46,325000.0,2,23.0,4.873501,52.377961,0
49,385000.0,3,16.333333333333332,4.938408,52.365552,4
96,875000.0,5,19.2,4.884002,52.367652,3
52,500000.0,2,26.0,4.881809,52.379633,0
120,900000.0,5,24.0,4.948739,52.386865,4
83,350000.0,3,27.666666666666668,4.920989,52.403808,4
118,350000.0,5,23.6,4.978704,52.305543,1
62,450000.0,2,31.0,4.847484,52.350909,0
88,325000.0,4,22.0,4.806863,52.362205,2
27,200000.0,2,13.5,4.818173,52.38178,2
80,575000.0,3,26.666666666666668,4.860112,52.372671,0
81,325000.0,3,27.0,4.81015,52.353861,2
47,400000.0,2,23.5,4.90153,52.355844,3
59,365000.0,2,29.5,4.944414,52.368343,4
88,350000.0,3,29.33333333333333,4.800286,52.380052,2
73,300000.0,4,18.25,4.827023,52.354418,2
90,375000.0,4,22.5,4.992035,52.316742,1
61,415000.0,3,20.33333333333333,4.914021,52.358618,3
65,300000.0,4,16.25,4.831964,52.371338,2
75,625000.0,3,25.0,4.863344,52.370007,0
102,315000.0,5,20.4,4.983162,52.294189,1
44,325000.0,2,22.0,4.873179,52.377933,0
46,370000.0,2,23.0,4.865067,52.369611,0
43,298000.0,2,21.5,4.920012,52.386342,4
56,375000.0,3,18.666666666666668,4.933659,52.364743,4
81,325000.0,3,27.0,4.819431,52.382253,2
42,325000.0,2,21.0,4.940171,52.364934,4
54,375000.0,2,27.0,4.870127,52.372608,0
46,295000.0,2,23.0,4.837695,52.383556,0
44,375000.0,2,22.0,4.884769,52.384121,3
65,295000.0,4,16.25,4.798255,52.378644,2
48,275000.0,2,24.0,5.014044,52.350961,1
47,345000.0,2,23.5,4.899374,52.347656,3
82,500000.0,3,27.33333333333333,4.846047,52.37786,0
58,390000.0,2,29.0,4.853953,52.365813,0
58,400000.0,2,29.0,4.928824,52.363772,4
70,250000.0,3,23.33333333333333,4.9685,52.316374,1
72,625000.0,4,18.0,4.899724,52.355854,3
97,550000.0,3,32.333333333333336,4.996295,52.359277,1
87,585000.0,3,29.0,4.941549,52.377347,4
85,300000.0,3,28.33333333333333,4.945566,52.403049,4
45,300000.0,2,22.5,4.870505,52.372951,0
73,275000.0,2,36.5,4.983209,52.29383,1
69,525000.0,3,23.0,4.892282,52.384356,3
88,725000.0,4,22.0,4.855145,52.361963,0
48,350000.0,2,24.0,4.884769,52.384121,3
57,275000.0,2,28.5,4.803983,52.355143,2
97,450000.0,4,24.25,4.802374,52.342435,2
47,325000.0,3,15.666666666666666,4.852015,52.364636,0
48,425000.0,2,24.0,4.881348,52.380215,0
44,300000.0,2,22.0,4.859323,52.324179,0
108,330000.0,5,21.6,4.971123,52.297841,1
43,215000.0,2,21.5,4.945155,52.324953,1
88,695000.0,3,29.33333333333333,4.874092,52.367502,0
108,750000.0,3,36.0,4.915967,52.368943,3
79,400000.0,3,26.33333333333333,5.009082,52.351935,1
82,585000.0,3,27.33333333333333,4.872665,52.374093,0
44,395000.0,2,22.0,4.907275,52.358042,3
84,250000.0,3,28.0,4.951827,52.399557,4
103,725000.0,3,34.333333333333336,4.857291,52.370304,0
92,275000.0,4,23.0,4.795583,52.348505,2
107,700000.0,3,35.666666666666664,4.908421,52.364761,3
83,260000.0,4,20.75,4.969802,52.316702,1
83,275000.0,3,27.666666666666668,4.9688878,52.2923239,1
75,535000.0,4,18.75,4.861328,52.372929,0
94,465000.0,4,23.5,4.838028,52.377317,0
62,490000.0,3,20.666666666666668,4.87487,52.363758,0
69,375000.0,4,17.25,4.799561,52.37431,2
58,425000.0,3,19.33333333333333,4.852231,52.361321,0
109,265000.0,5,21.8,4.976731,52.325525,1
58,425000.0,3,19.33333333333333,4.858639,52.369339,0
122,525000.0,5,24.4,4.950277,52.396263,4
77,625000.0,4,19.25,4.846204,52.349933,0
77,380000.0,4,19.25,4.795007,52.375474,2
41,350000.0,2,20.5,4.863282,52.363713,0
70,325000.0,4,17.5,4.830209,52.363691,2
74,550000.0,2,37.0,4.874332,52.369651,0
85,300000.0,4,21.25,4.947646,52.402266,4
50,245000.0,2,25.0,4.883861,52.417569,0
53,395000.0,3,17.666666666666668,4.851991,52.365663,0
40,365000.0,2,20.0,4.887941,52.35683,3
89,698000.0,5,17.8,4.894517,52.351528,3
80,375000.0,4,20.0,4.840015,52.363904,0
88,375000.0,3,29.33333333333333,4.806525,52.359424,2
71,425000.0,3,23.666666666666668,4.855635,52.37986,0
89,730000.0,3,29.666666666666668,4.88956,52.345979,3
48,325000.0,4,12.0,4.849943,52.384166,0
78,275000.0,3,26.0,4.972526,52.321871,1
67,535000.0,2,33.5,4.894107,52.363363,3
57,375000.0,3,19.0,4.850695,52.383963,0
126,775000.0,5,25.2,4.932925,52.358206,4
78,375000.0,3,26.0,4.814789,52.382249,2
54,400000.0,3,18.0,4.849224,52.350198,0
40,300000.0,2,20.0,4.91803,52.357424,3
104,375000.0,3,34.666666666666664,4.983057,52.318698,1
91,295000.0,3,30.33333333333333,4.981371,52.313749,1
57,345000.0,2,28.5,4.878162,52.325097,3
71,260000.0,3,23.666666666666668,4.967708,52.317064,1
56,225000.0,2,28.0,4.992412,52.295757,1
50,425000.0,2,25.0,4.852084,52.366236,0
90,475000.0,3,30.0,4.996258,52.358696,1
108,425000.0,3,36.0,4.808883,52.363274,2
121,1170000.0,2,60.5,4.883377,52.373492,3
69,520000.0,3,23.0,4.923063,52.35637,3
68,350000.0,4,17.0,4.829524,52.363328,2
108,289500.0,5,21.6,4.974531,52.325473,1
127,480000.0,5,25.4,4.80722,52.344454,2
84,325000.0,4,21.0,4.917985,52.405783,4
57,250000.0,2,28.5,4.803968,52.355143,2
87,350000.0,3,29.0,4.802688,52.382381,2
110,600000.0,4,27.5,4.981387,52.360243,1
87,350000.0,3,29.0,4.954462,52.393215,4
70,525000.0,3,23.33333333333333,4.901743,52.355153,3
89,500000.0,3,29.666666666666668,4.947119,52.376909,4
106,700000.0,3,35.333333333333336,4.922868,52.371793,4
90,300000.0,4,22.5,4.984519,52.299712,1
78,365000.0,4,19.5,4.829607,52.372067,2
107,604447.4074074074,3,35.666666666666664,4.945022,52.369244,4
84,375000.0,4,21.0,4.7958,52.38318,2
74,425000.0,3,24.666666666666668,4.878057,52.385387,0
109,469000.0,3,36.333333333333336,4.891949,52.423805,4
44,325000.0,3,14.666666666666666,4.889549,52.361331,3
90,550000.0,3,30.0,4.930426,52.371197,4
50,385000.0,2,25.0,4.870167,52.384355,0
43,325000.0,2,21.5,4.859637,52.375563,0
73,465000.0,4,18.25,4.918062,52.387403,4
67,300000.0,3,22.33333333333333,4.783188,52.350225,2
84,250000.0,3,28.0,4.952138,52.400571,4
64,500000.0,3,21.33333333333333,4.854288,52.359955,0
108,875000.0,4,27.0,4.655161,52.376552,2
62,399000.0,2,31.0,4.853523,52.356392,0
145,925000.0,4,36.25,4.933939,52.374739,4
123,875000.0,4,30.75,4.894206,52.33822,3
123,930000.0,4,30.75,4.894206,52.33822,3
101,725000.0,4,25.25,4.931075,52.369038,4
119,575000.0,3,39.66666666666666,4.845779,52.37755,0
132,600000.0,4,33.0,5.00033,52.35282,1
72,265000.0,3,24.0,4.9684,52.317292,1
46,350000.0,3,15.333333333333334,4.873501,52.377961,0
78,340000.0,3,26.0,4.829629,52.372955,2
58,350000.0,3,19.33333333333333,4.84314,52.378753,0
56,430000.0,2,28.0,4.917761,52.356215,3
180,975000.0,5,36.0,4.900779,52.408945,4
84,500000.0,3,28.0,4.913659,52.343221,3
89,645000.0,3,29.666666666666668,4.921169,52.364353,3
49,425000.0,3,16.333333333333332,4.901398,52.355807,3
149,1090000.0,3,49.66666666666666,4.890751,52.349678,3
104,465000.0,3,34.666666666666664,4.918343,52.405579,4
79,700000.0,3,26.33333333333333,4.911378,52.342112,3
55,325000.0,2,27.5,4.865786,52.328459,0
107,695000.0,4,26.75,4.934082,52.371077,4
97,825000.0,4,24.25,4.902906,52.35753,3
64,280000.0,3,21.33333333333333,4.811771,52.355712,2
77,325000.0,3,25.666666666666668,4.945778,52.393622,4
77,325000.0,3,25.666666666666668,4.899777,52.40313,4
111,275000.0,5,22.2,4.970438,52.294244,1
46,340000.0,2,23.0,4.856593,52.380808,0
72,550000.0,3,24.0,4.85255,52.367739,0
84,500000.0,3,28.0,4.947231,52.377422,4
111,750000.0,4,27.75,4.892182,52.401519,3
92,499000.0,4,23.0,4.837996,52.37746,0
212,1750000.0,4,53.0,4.883097,52.369689,3
50,319000.0,2,25.0,4.847496,52.378843,0
147,1100000.0,4,36.75,4.878689,52.353303,3
47,325000.0,2,23.5,4.909223,52.34615,3
109,475000.0,4,27.25,4.801543,52.344264,2
88,300000.0,2,44.0,4.807168,52.361653,2
66,265000.0,2,33.0,4.930826,52.398984,4
99,399500.0,3,33.0,4.792451,52.354762,2
95,625000.0,5,19.0,4.855072,52.377799,0
40,399000.0,2,20.0,4.886109,52.363042,3
66,445000.0,3,22.0,4.852373,52.377544,0
145,550000.0,3,48.333333333333336,5.000011,52.352324,1
84,675000.0,4,21.0,4.855835,52.360699,0
84,325000.0,3,28.0,4.877949,52.334686,3
82,600000.0,4,20.5,4.852076,52.381479,0
57,375000.0,3,19.0,4.852248,52.361159,0
82,575000.0,4,20.5,4.906854,52.341296,3
79,475000.0,3,26.33333333333333,4.829591,52.372067,2
62,500000.0,3,20.666666666666668,4.914296,52.358996,3
94,275000.0,4,23.5,4.95696,52.311632,1
63,525000.0,3,21.0,4.865952,52.361768,0
52,400000.0,2,26.0,4.908012,52.356419,3
80,375000.0,4,20.0,4.882011,52.330956,3
87,550000.0,2,43.5,4.942751,52.373127,4
76,525000.0,2,38.0,4.922699,52.355605,3
90,760000.0,4,22.5,4.886718,52.380687,3
75,675000.0,3,25.0,4.876322,52.365121,0
97,325000.0,4,24.25,4.955054,52.317674,1
75,459000.0,3,25.0,4.94178,52.357269,4
46,350000.0,2,23.0,4.863132,52.36504,0
43,325000.0,2,21.5,4.934601,52.36596,4
81,275000.0,3,27.0,4.810853,52.354008,2
57,275000.0,2,28.5,4.937616,52.397321,4
140,700000.0,5,28.0,4.837658,52.350226,0
59,209000.0,2,29.5,4.975309,52.296957,1
150,1325000.0,5,30.0,4.896605,52.359176,3
120,850000.0,3,40.0,4.89518,52.361947,3
105,485000.0,4,26.25,5.000345,52.352811,1
53,385000.0,2,26.5,4.901411,52.347889,3
125,650000.0,5,25.0,4.901879,52.406292,4
64,450000.0,3,21.33333333333333,4.850607,52.352379,0
87,450000.0,3,29.0,4.990866,52.360697,1
90,600000.0,3,30.0,4.844731,52.349856,0
71,245000.0,3,23.666666666666668,4.787319,52.359244,2
70,500000.0,3,23.33333333333333,4.869195,52.380747,0
80,600000.0,2,40.0,4.865609,52.365991,0
73,595000.0,3,24.33333333333333,4.910454,52.34221,3
127,995000.0,4,31.75,4.889858,52.357323,3
118,475000.0,5,23.6,5.015376,52.305296,1
78,275000.0,3,26.0,4.972526,52.321871,1
85,285000.0,4,21.25,4.950198,52.39832,4
75,585000.0,3,25.0,4.853451,52.364831,0
75,310000.0,3,25.0,4.790104,52.381911,2
81,495000.0,4,20.25,4.870861,52.332238,0
54,475000.0,2,27.0,4.863781,52.361606,0
57,425000.0,3,19.0,4.849341,52.384118,0
161,875000.0,4,40.25,4.777448,52.350596,2
73,560000.0,3,24.33333333333333,4.857873,52.360923,0
81,604447.4074074074,3,27.0,4.880976,52.389623,0
40,275000.0,2,20.0,4.921147,52.373395,4
145,575000.0,5,29.0,4.78754,52.348859,2
125,1025000.0,3,41.66666666666666,4.860922,52.358834,0
47,340000.0,2,23.5,4.856817,52.380458,0
125,550000.0,5,25.0,4.84351,52.363743,0
59,400000.0,2,29.5,4.871359,52.378707,0
33,235000.0,2,16.5,4.836971,52.362788,0
93,335000.0,4,23.25,4.92221,52.409314,4
221,975000.0,5,44.2,4.838629,52.37491,0
64,450000.0,2,32.0,4.930926,52.377783,4
53,350000.0,2,26.5,4.930264,52.363679,4
118,725000.0,4,29.5,4.87252,52.392217,0
44,340000.0,3,14.666666666666666,4.864588,52.365393,0
164,1175000.0,2,82.0,4.92035,52.366858,3
92,325000.0,4,23.0,4.936866,52.394487,4
103,700000.0,4,25.75,4.99474,52.392365,4
82,295000.0,3,27.33333333333333,4.808181,52.357419,2
44,335000.0,2,22.0,4.904467,52.35165,3
38,300000.0,2,19.0,4.86116,52.363527,0
83,600000.0,4,20.75,4.925816,52.363614,4
72,675000.0,3,24.0,4.860601,52.352451,0
80,495000.0,4,20.0,4.859791,52.371205,0
75,539000.0,3,25.0,4.860239,52.370632,0
75,499000.0,3,25.0,4.902863,52.342664,3
67,475000.0,3,22.33333333333333,4.860847,52.358995,0
130,800000.0,5,26.0,4.932943,52.358329,4
99,315000.0,4,24.75,4.78504,52.354616,2
111,450000.0,4,27.75,4.785975,52.347341,2
54,495000.0,3,18.0,4.86547,52.3628,0
78,550000.0,3,26.0,4.877208,52.342458,3
89,400000.0,3,29.666666666666668,5.012134,52.349139,1
70,525000.0,3,23.33333333333333,4.849656,52.353346,0
98,350000.0,4,24.5,4.952422,52.316855,1
86,620000.0,4,21.5,4.92068,52.354968,3
89,375000.0,5,17.8,4.915413,52.40997,4
93,485000.0,5,18.6,4.918067,52.385525,4
87,385000.0,3,29.0,4.793277,52.381864,2
138,1575000.0,4,34.5,4.961457,52.38257,4
33,249000.0,2,16.5,4.883913,52.327585,3
74,350000.0,4,18.5,4.832383,52.373012,0
136,600000.0,4,34.0,4.802149,52.350604,2
79,425000.0,3,26.33333333333333,4.874705,52.332273,3
69,345000.0,4,17.25,4.795948,52.374337,2
58,640000.0,3,19.33333333333333,4.907085,52.372907,3
58,645000.0,3,19.33333333333333,4.907085,52.372907,3
92,350000.0,3,30.666666666666668,4.802618,52.378567,2
65,350000.0,2,32.5,4.935377,52.358917,4
115,475000.0,5,23.0,4.776722,52.351033,2
96,450000.0,3,32.0,4.993345,52.355933,1
59,450000.0,2,29.5,4.891511,52.401727,3
54,375000.0,3,18.0,4.919118,52.352814,3
69,485000.0,3,23.0,4.866392,52.365536,0
136,1100000.0,3,45.333333333333336,4.872591,52.356414,0
43,375000.0,2,21.5,4.860276,52.347686,0
138,525000.0,5,27.6,4.774348,52.350823,2
162,1325000.0,4,40.5,4.95437552819149,52.3679823,4
92,335000.0,4,23.0,4.921825,52.409609,4
58,400000.0,3,19.33333333333333,4.920732,52.352847,3
124,835000.0,3,41.333333333333336,4.876154,52.347558,0
136,885000.0,3,45.333333333333336,4.876154,52.347558,0
81,635000.0,3,27.0,4.894509,52.343016,3
129,1120000.0,5,25.8,4.860337,52.359856,0
52,375000.0,3,17.333333333333332,4.852329,52.365365,0
41,285000.0,2,20.5,4.922721,52.354922,3
92,425137.0,4,23.0,4.98896,52.321172,1
107,549001.0,4,26.75,5.016522,52.305075,1
102,500000.0,5,20.4,4.823859,52.383847,2
29,179000.0,2,14.5,4.945048,52.325695,1
90,790000.0,3,30.0,4.884941,52.378055,3
50,350000.0,3,16.666666666666668,4.853093,52.368955,0
110,425000.0,4,27.5,4.804152,52.364802,2
112,525000.0,5,22.4,4.79733,52.356512,2
74,329000.0,4,18.5,4.928532,52.397672,4
101,445000.0,3,33.666666666666664,4.83075,52.365104,2
107,800000.0,3,35.666666666666664,4.879459,52.373268,0
135,875000.0,5,27.0,4.897048,52.417382,4
78,575000.0,3,26.0,4.858844,52.373106,0
76,700000.0,4,19.0,4.895174,52.363763,3
80,325000.0,4,20.0,4.909069,52.405451,4
102,750000.0,5,20.4,4.937898,52.356428,4
73,500000.0,3,24.33333333333333,4.853124,52.367607,0
48,300000.0,2,24.0,4.949415,52.340644,1
157,675000.0,5,31.4,4.831079,52.368144,2
34,345000.0,2,17.0,4.855832,52.352385,0
64,275000.0,3,21.33333333333333,4.94649,52.39437,4
45,245000.0,2,22.5,4.834844,52.378255,0
37,385000.0,2,18.5,4.855832,52.352385,0
35,375000.0,2,17.5,4.855832,52.352385,0
68,300000.0,3,22.666666666666668,4.898877,52.419502,4
171,1200000.0,4,42.75,4.846606,52.356702,0
127,499000.0,5,25.4,4.796462,52.352238,2
98,325000.0,3,32.666666666666664,4.956816,52.31741,1
60,480000.0,2,30.0,4.85983,52.361813,0
62,475000.0,4,15.5,4.846923,52.347545,0
78,685000.0,3,26.0,4.890731,52.351449,3
57,550000.0,2,28.5,4.884292,52.370557,3
137,550000.0,5,27.4,4.787554,52.348895,2
78,330000.0,3,26.0,4.829637,52.372964,2
59,375000.0,3,19.666666666666668,4.852415,52.380133,0
107,575000.0,3,35.666666666666664,4.935891,52.37338,4
98,825000.0,4,24.5,4.890594,52.376848,3
119,515000.0,4,29.75,4.918363,52.403385,4
65,225000.0,2,32.5,4.958115,52.309662,1
119,1050000.0,5,23.8,4.860818,52.352776,0
80,425000.0,4,20.0,4.846389,52.379296,0
63,375000.0,5,12.6,4.890785,52.41492,4
145,1150000.0,5,29.0,4.87195,52.372454,0
71,425000.0,4,17.75,4.852168,52.378747,0
124,1450000.0,5,24.8,4.896425,52.360892,3
90,850000.0,3,30.0,4.910051,52.361418,3
114,750000.0,4,28.5,4.902566,52.368503,3
107,450000.0,4,26.75,4.892525,52.423619,4
58,235000.0,2,29.0,4.947669,52.325253,1
83,600000.0,2,41.5,4.908391,52.371373,3
81,315000.0,3,27.0,4.807981,52.357437,2
157,1250000.0,4,39.25,4.876006,52.362028,0
98,699000.0,3,32.666666666666664,4.861985,52.322384,0
74,450000.0,2,37.0,4.904136,52.399475,4
78,300000.0,4,19.5,4.954641,52.394724,4
61,475000.0,3,20.33333333333333,4.881701,52.393538,0
66,399000.0,4,16.5,4.925631,52.356012,3
109,790000.0,5,21.8,4.867865,52.345104,0
77,650000.0,3,25.666666666666668,4.863394,52.36954,0
96,375000.0,4,24.0,4.806801,52.352919,2
47,365000.0,2,23.5,4.874125,52.374854,0
47,210000.0,2,23.5,4.797085,52.353976,2
55,269000.0,2,27.5,4.808183,52.361977,2
96,570000.0,4,24.0,4.843132,52.360049,0
112,785000.0,3,37.333333333333336,4.899032,52.376065,3
93,500000.0,3,31.0,4.938017,52.373868,4
53,400000.0,3,17.666666666666668,4.907895,52.341373,3
55,425000.0,3,18.33333333333333,4.846708,52.353775,0
106,700000.0,3,35.333333333333336,4.844918,52.349996,0
75,350000.0,3,25.0,4.832782,52.373345,0
42,360000.0,3,14.0,4.86139,52.347835,0
64,512000.0,2,32.0,4.902531,52.37572,3
45,375000.0,2,22.5,4.90341,52.354369,3
118,750000.0,4,29.5,4.930455,52.377871,4
53,237000.0,3,17.666666666666668,4.974395,52.324322,1
45,375000.0,2,22.5,4.888718,52.351656,3
80,560000.0,2,40.0,4.898846,52.370303,3
48,250000.0,3,16.0,4.823887,52.38063,2
87,650000.0,4,21.75,4.95437552819149,52.3679823,4
273,1450000.0,5,54.6,4.942112,52.376819,4
40,275000.0,2,20.0,4.898299,52.40928,4
81,550000.0,5,16.2,4.850743,52.359283,0
82,349000.0,4,20.5,4.797681,52.354375,2
92,350000.0,3,30.666666666666668,4.802582,52.379007,2
80,575000.0,3,26.666666666666668,4.893865,52.379863,3
120,1000000.0,3,40.0,4.887462,52.368027,3
102,398000.0,3,34.0,4.93924,52.396527,4
82,280000.0,3,27.33333333333333,4.968223,52.291672,1
58,350000.0,3,19.33333333333333,4.841738,52.378934,0
76,500000.0,3,25.33333333333333,4.878134,52.395229,0
95,615000.0,4,23.75,4.8722593,52.379951,0
128,575000.0,4,32.0,4.90981909560303,52.3686532505277,3
31,275000.0,2,15.5,4.888065,52.381025,3
92,644900.0,3,30.666666666666668,4.873124,52.383918,0
80,685000.0,3,26.666666666666668,4.856566,52.353584,0
139,1300000.0,5,27.8,4.879252,52.370823,0
94,540000.0,3,31.33333333333333,4.969506,52.372583,4
96,475000.0,4,24.0,4.952066,52.344595,1
61,245000.0,3,20.33333333333333,4.788481,52.357145,2
96,695000.0,3,32.0,4.902359,52.37536,3
79,348738.0,4,19.75,5.0165552,52.3505131,1
79,348738.0,4,19.75,5.0165552,52.3505131,1
205,1698000.0,5,41.0,4.860637,52.351894,0
84,275000.0,4,21.0,4.790574,52.356342,2
118,375000.0,4,29.5,4.82399,52.380639,2
129,675000.0,4,32.25,4.819965,52.343878,2
111,849000.0,5,22.2,4.91369,52.38816,4
108,539000.0,4,27.0,4.838534,52.379072,0
59,525000.0,4,14.75,4.880977,52.368961,3
72,350000.0,3,24.0,4.890612,52.414587,4
51,350000.0,3,17.0,4.856935,52.363256,0
113,599000.0,4,28.25,4.965731,52.375268,4
79,300000.0,4,19.75,4.810678,52.355493,2
